{
    "test_accuracy": 0.9777777777777777,
    "test_confusion_matrix": [
        [
            15,
            0,
            0
        ],
        [
            0,
            15,
            0
        ],
        [
            0,
            1,
            14
        ]
    ],
    "test_classification_report": {
        "Iris-setosa": {
            "precision": 1.0,
            "recall": 1.0,
            "f1-score": 1.0,
            "support": 15.0
        },
        "Iris-versicolor": {
            "precision": 0.9375,
            "recall": 1.0,
            "f1-score": 0.967741935483871,
            "support": 15.0
        },
        "Iris-virginica": {
            "precision": 1.0,
            "recall": 0.9333333333333333,
            "f1-score": 0.9655172413793104,
            "support": 15.0
        },
        "accuracy": 0.9777777777777777,
        "macro avg": {
            "precision": 0.9791666666666666,
            "recall": 0.9777777777777779,
            "f1-score": 0.9777530589543938,
            "support": 45.0
        },
        "weighted avg": {
            "precision": 0.9791666666666666,
            "recall": 0.9777777777777777,
            "f1-score": 0.9777530589543938,
            "support": 45.0
        }
    }
}