{
    "train_accuracy": 0.9714285714285714,
    "train_confusion_matrix": [
        [
            35,
            0,
            0
        ],
        [
            0,
            33,
            2
        ],
        [
            0,
            1,
            34
        ]
    ],
    "train_classification_report": {
        "Iris-setosa": {
            "precision": 1.0,
            "recall": 1.0,
            "f1-score": 1.0,
            "support": 35.0
        },
        "Iris-versicolor": {
            "precision": 0.9705882352941176,
            "recall": 0.9428571428571428,
            "f1-score": 0.9565217391304348,
            "support": 35.0
        },
        "Iris-virginica": {
            "precision": 0.9444444444444444,
            "recall": 0.9714285714285714,
            "f1-score": 0.9577464788732394,
            "support": 35.0
        },
        "accuracy": 0.9714285714285714,
        "macro avg": {
            "precision": 0.9716775599128541,
            "recall": 0.9714285714285714,
            "f1-score": 0.971422739334558,
            "support": 105.0
        },
        "weighted avg": {
            "precision": 0.971677559912854,
            "recall": 0.9714285714285714,
            "f1-score": 0.971422739334558,
            "support": 105.0
        }
    }
}