{
    "test_accuracy": 0.9111111111111111,
    "test_confusion_matrix": [
        [
            15,
            0,
            0
        ],
        [
            0,
            14,
            1
        ],
        [
            0,
            3,
            12
        ]
    ],
    "test_classification_report": {
        "Iris-setosa": {
            "precision": 1.0,
            "recall": 1.0,
            "f1-score": 1.0,
            "support": 15.0
        },
        "Iris-versicolor": {
            "precision": 0.8235294117647058,
            "recall": 0.9333333333333333,
            "f1-score": 0.875,
            "support": 15.0
        },
        "Iris-virginica": {
            "precision": 0.9230769230769231,
            "recall": 0.8,
            "f1-score": 0.8571428571428571,
            "support": 15.0
        },
        "accuracy": 0.9111111111111111,
        "macro avg": {
            "precision": 0.9155354449472096,
            "recall": 0.9111111111111111,
            "f1-score": 0.9107142857142857,
            "support": 45.0
        },
        "weighted avg": {
            "precision": 0.9155354449472096,
            "recall": 0.9111111111111111,
            "f1-score": 0.9107142857142857,
            "support": 45.0
        }
    }
}