{
    "train_accuracy": 0.9809523809523809,
    "train_confusion_matrix": [
        [
            35,
            0,
            0
        ],
        [
            0,
            34,
            1
        ],
        [
            0,
            1,
            34
        ]
    ],
    "train_classification_report": {
        "Iris-setosa": {
            "precision": 1.0,
            "recall": 1.0,
            "f1-score": 1.0,
            "support": 35.0
        },
        "Iris-versicolor": {
            "precision": 0.9714285714285714,
            "recall": 0.9714285714285714,
            "f1-score": 0.9714285714285714,
            "support": 35.0
        },
        "Iris-virginica": {
            "precision": 0.9714285714285714,
            "recall": 0.9714285714285714,
            "f1-score": 0.9714285714285714,
            "support": 35.0
        },
        "accuracy": 0.9809523809523809,
        "macro avg": {
            "precision": 0.980952380952381,
            "recall": 0.980952380952381,
            "f1-score": 0.980952380952381,
            "support": 105.0
        },
        "weighted avg": {
            "precision": 0.9809523809523809,
            "recall": 0.9809523809523809,
            "f1-score": 0.9809523809523809,
            "support": 105.0
        }
    }
}